{"cameraMode":{"drawMode":0,"name":"Shaded","section":"Shading Mode"},"sceneLighting":true,"audioPlay":false,"sceneViewState":{"showFog":true,"showMaterialUpdate":false,"showSkybox":true,"showFlares":true,"showImageEffects":true,"showParticleSystems":true},"in2DMode":false,"pivot":{"x":104.73299407958985,"y":25.369619369506837,"z":56.404518127441409},"rotation":{"x":0.24963730573654176,"y":0.39817237854003909,"z":-0.11355412006378174,"w":0.8753586411476135},"size":6.430062294006348,"orthographic":false}