{"cameraMode":{"drawMode":0,"name":"Shaded","section":"Shading Mode"},"sceneLighting":false,"audioPlay":false,"sceneViewState":{"showFog":true,"showMaterialUpdate":false,"showSkybox":false,"showFlares":true,"showImageEffects":true,"showParticleSystems":true},"in2DMode":false,"pivot":{"x":-0.012701532803475857,"y":1.7052011489868165,"z":0.4182274341583252},"rotation":{"x":-0.34722185134887698,"y":-0.003940821625292301,"z":0.0014590536011382938,"w":-0.9377753138542175},"size":1.2055385112762452,"orthographic":false}