{"cameraMode":{"drawMode":0,"name":"Shaded","section":"Shading Mode"},"sceneLighting":true,"audioPlay":false,"sceneViewState":{"showFog":true,"showMaterialUpdate":false,"showSkybox":true,"showFlares":true,"showImageEffects":true,"showParticleSystems":true},"in2DMode":false,"pivot":{"x":285.88873291015627,"y":1.0348851680755616,"z":109.148193359375},"rotation":{"x":0.31520363688468935,"y":0.014515570364892483,"z":-0.004822082351893187,"w":0.9489030838012695},"size":3.7769105434417726,"orthographic":false}