{"cameraMode":{"drawMode":0,"name":"Shaded","section":"Shading Mode"},"sceneLighting":true,"audioPlay":false,"sceneViewState":{"showFog":true,"showMaterialUpdate":false,"showSkybox":true,"showFlares":true,"showImageEffects":true,"showParticleSystems":true},"in2DMode":false,"pivot":{"x":2.3292760848999025,"y":1.8394765853881837,"z":2.6952202320098879},"rotation":{"x":0.11548563838005066,"y":-0.033372875303030017,"z":0.0038798684254288675,"w":0.9927427172660828},"size":1.8468654155731202,"orthographic":false}